Date,Time,fm3327,fm3232,fm2891,Experiment,L1 (OFF/L/M/H),L3 (OFF/L/M/H),L4 (OFF/L/M/H),Train/Test
08/01/24,1:19:00 PM,0.18,0.2,0.02,1,OFF,OFF,OFF,Train
08/01/24,1:18:00 PM,0.18,0.2,0.01,1,OFF,OFF,OFF,Train
08/01/24,1:17:00 PM,0.18,0.19,0.01,1,OFF,OFF,OFF,Train
08/01/24,1:16:00 PM,0.18,0.2,0.01,1,OFF,OFF,OFF,Train
08/01/24,1:15:00 PM,0.18,0.2,0.01,1,OFF,OFF,OFF,Train
08/01/24,1:14:00 PM,0.18,0.19,0.01,1,OFF,OFF,OFF,Train
08/01/24,1:13:00 PM,0.18,0.2,0.01,1,OFF,OFF,OFF,Train
08/01/24,1:12:00 PM,0.18,0.2,0.01,1,OFF,OFF,OFF,Train
08/01/24,1:11:00 PM,0.18,0.2,0.01,1,OFF,OFF,OFF,Train
08/01/24,1:10:00 PM,0.18,0.19,0.01,1,OFF,OFF,OFF,Train
08/01/24,1:09:00 PM,0.18,0.2,0.02,1,OFF,OFF,OFF,Train
08/01/24,1:08:00 PM,0.18,0.2,0.01,1,OFF,OFF,OFF,Train
08/01/24,1:07:00 PM,0.18,0.2,0.01,1,OFF,OFF,OFF,Train
08/01/24,1:06:00 PM,0.18,0.2,0.01,1,OFF,OFF,OFF,Train
08/01/24,1:05:00 PM,0.18,0.19,0.01,1,OFF,OFF,OFF,Train
08/01/24,1:04:00 PM,0.18,0.2,0.01,1,OFF,OFF,OFF,Train
08/01/24,1:03:00 PM,0.18,0.2,0.01,1,OFF,OFF,OFF,Train
08/01/24,1:02:00 PM,0.18,0.2,0.01,1,OFF,OFF,OFF,Train
08/01/24,1:01:00 PM,0.18,0.2,0.01,1,OFF,OFF,OFF,Train
08/01/24,1:00:00 PM,0.18,0.19,0.01,1,OFF,OFF,OFF,Train
08/01/24,12:59:00 PM,0.19,0.2,0.02,1,OFF,OFF,OFF,Train
08/01/24,12:58:00 PM,0.18,0.2,0.01,1,OFF,OFF,OFF,Train
08/01/24,12:57:00 PM,0.18,0.2,0.01,1,OFF,OFF,OFF,Train
08/01/24,12:56:00 PM,0.18,0.2,0.01,1,OFF,OFF,OFF,Train
08/01/24,12:55:00 PM,0.18,0.2,0.01,1,OFF,OFF,OFF,Train
08/01/24,12:54:00 PM,0.19,0.2,0.01,1,OFF,OFF,OFF,Train
08/01/24,12:53:00 PM,0.18,0.2,0.01,1,OFF,OFF,OFF,Train
08/01/24,12:52:00 PM,0.18,0.2,0.01,1,OFF,OFF,OFF,Train
08/01/24,12:51:00 PM,0.18,0.2,0.01,1,OFF,OFF,OFF,Train
08/01/24,12:50:00 PM,0.19,0.2,0.01,1,OFF,OFF,OFF,Train
08/01/24,12:49:00 PM,0.18,0.2,0.02,1,OFF,OFF,OFF,Train
08/01/24,12:48:00 PM,0.18,0.2,0.01,1,OFF,OFF,OFF,Train
08/01/24,12:47:00 PM,0.18,0.2,0.01,1,OFF,OFF,OFF,Train
08/01/24,12:46:00 PM,0.19,0.19,0.01,1,OFF,OFF,OFF,Train
08/01/24,12:45:00 PM,0.18,0.2,0.01,1,OFF,OFF,OFF,Train
08/01/24,12:44:00 PM,0.19,0.2,0.01,1,OFF,OFF,OFF,Train
08/01/24,12:43:00 PM,0.19,0.19,0.01,1,OFF,OFF,OFF,Train
08/01/24,12:42:00 PM,0.2,0.19,0.01,1,OFF,OFF,OFF,Train
08/01/24,12:41:00 PM,0.14,0.15,0.01,1,OFF,OFF,OFF,Train
08/01/24,1:49:00 PM,0.18,0.19,0.01,2,L,OFF,OFF,Train
08/01/24,1:48:00 PM,0.18,0.2,0.01,2,L,OFF,OFF,Train
08/01/24,1:47:00 PM,0.18,0.19,0.01,2,L,OFF,OFF,Train
08/01/24,1:46:00 PM,0.18,0.2,0.01,2,L,OFF,OFF,Train
08/01/24,1:45:00 PM,0.18,0.19,0.01,2,L,OFF,OFF,Train
08/01/24,1:44:00 PM,0.18,0.2,0.02,2,L,OFF,OFF,Train
08/01/24,1:43:00 PM,0.17,0.19,0.01,2,L,OFF,OFF,Train
08/01/24,1:42:00 PM,0.18,0.19,0.01,2,L,OFF,OFF,Train
08/01/24,1:41:00 PM,0.18,0.2,0.01,2,L,OFF,OFF,Train
08/01/24,1:40:00 PM,0.18,0.19,0.01,2,L,OFF,OFF,Train
08/01/24,1:39:00 PM,0.18,0.2,0.01,2,L,OFF,OFF,Train
08/01/24,1:38:00 PM,0.18,0.19,0.01,2,L,OFF,OFF,Train
08/01/24,1:37:00 PM,0.18,0.2,0.01,2,L,OFF,OFF,Train
08/01/24,1:36:00 PM,0.18,0.19,0.01,2,L,OFF,OFF,Train
08/01/24,1:35:00 PM,0.19,0.2,0.01,2,L,OFF,OFF,Train
08/01/24,1:34:00 PM,0.18,0.19,0.01,2,L,OFF,OFF,Train
08/01/24,1:33:00 PM,0.18,0.2,0.01,2,L,OFF,OFF,Train
08/01/24,1:32:00 PM,0.17,0.19,0.01,2,L,OFF,OFF,Train
08/01/24,1:31:00 PM,0.18,0.2,0.02,2,L,OFF,OFF,Train
08/01/24,1:30:00 PM,0.19,0.19,0.01,2,L,OFF,OFF,Train
08/01/24,1:29:00 PM,0.18,0.2,0.01,2,L,OFF,OFF,Train
08/01/24,1:28:00 PM,0.18,0.19,0.01,2,L,OFF,OFF,Train
08/01/24,1:27:00 PM,0.18,0.2,0.01,2,L,OFF,OFF,Train
08/01/24,1:26:00 PM,0.18,0.2,0.01,2,L,OFF,OFF,Train
08/01/24,1:25:00 PM,0.18,0.19,0.01,2,L,OFF,OFF,Train
08/01/24,1:24:00 PM,0.18,0.2,0.01,2,L,OFF,OFF,Train
08/01/24,1:23:00 PM,0.19,0.19,0.01,2,L,OFF,OFF,Train
08/01/24,1:22:00 PM,0.18,0.2,0.01,2,L,OFF,OFF,Train
08/01/24,1:21:00 PM,0.18,0.19,0.01,2,L,OFF,OFF,Train
08/01/24,1:20:00 PM,0.18,0.2,0.01,2,L,OFF,OFF,Train
08/01/24,2:19:00 PM,0.19,0.2,0.02,3,M,OFF,OFF,Train
08/01/24,2:18:00 PM,0.18,0.19,0.01,3,M,OFF,OFF,Train
08/01/24,2:17:00 PM,0.18,0.19,0.01,3,M,OFF,OFF,Train
08/01/24,2:16:00 PM,0.18,0.19,0.01,3,M,OFF,OFF,Train
08/01/24,2:15:00 PM,0.18,0.19,0.01,3,M,OFF,OFF,Train
08/01/24,2:14:00 PM,0.18,0.2,0.01,3,M,OFF,OFF,Train
08/01/24,2:13:00 PM,0.18,0.19,0.01,3,M,OFF,OFF,Train
08/01/24,2:12:00 PM,0.18,0.19,0.01,3,M,OFF,OFF,Train
08/01/24,2:11:00 PM,0.18,0.19,0.01,3,M,OFF,OFF,Train
08/01/24,2:10:00 PM,0.18,0.2,0.01,3,M,OFF,OFF,Train
08/01/24,2:09:00 PM,0.18,0.19,0.01,3,M,OFF,OFF,Train
08/01/24,2:08:00 PM,0.18,0.19,0.02,3,M,OFF,OFF,Train
08/01/24,2:07:00 PM,0.19,0.19,0.01,3,M,OFF,OFF,Train
08/01/24,2:06:00 PM,0.18,0.2,0.01,3,M,OFF,OFF,Train
08/01/24,2:05:00 PM,0.18,0.19,0.01,3,M,OFF,OFF,Train
08/01/24,2:04:00 PM,0.18,0.19,0.01,3,M,OFF,OFF,Train
08/01/24,2:03:00 PM,0.18,0.2,0.01,3,M,OFF,OFF,Train
08/01/24,2:02:00 PM,0.19,0.19,0.01,3,M,OFF,OFF,Train
08/01/24,2:01:00 PM,0.17,0.19,0.01,3,M,OFF,OFF,Train
08/01/24,2:00:00 PM,0.19,0.2,0.01,3,M,OFF,OFF,Train
08/01/24,1:59:00 PM,0.18,0.19,0.01,3,M,OFF,OFF,Train
08/01/24,1:58:00 PM,0.18,0.19,0.01,3,M,OFF,OFF,Train
08/01/24,1:57:00 PM,0.18,0.2,0.02,3,M,OFF,OFF,Train
08/01/24,1:56:00 PM,0.18,0.19,0.01,3,M,OFF,OFF,Train
08/01/24,1:55:00 PM,0.19,0.19,0.01,3,M,OFF,OFF,Train
08/01/24,1:54:00 PM,0.18,0.2,0.01,3,M,OFF,OFF,Train
08/01/24,1:53:00 PM,0.18,0.19,0.01,3,M,OFF,OFF,Train
08/01/24,1:52:00 PM,0.18,0.19,0.01,3,M,OFF,OFF,Train
08/01/24,1:51:00 PM,0.18,0.2,0.01,3,M,OFF,OFF,Train
08/01/24,1:50:00 PM,0.18,0.19,0.01,3,M,OFF,OFF,Train
08/01/24,2:49:00 PM,0.18,0.19,0.01,4,H,OFF,OFF,Train
08/01/24,2:48:00 PM,0.18,0.19,0.01,4,H,OFF,OFF,Train
08/01/24,2:47:00 PM,0.18,0.19,0.01,4,H,OFF,OFF,Train
08/01/24,2:46:00 PM,0.18,0.19,0.01,4,H,OFF,OFF,Train
08/01/24,2:45:00 PM,0.18,0.2,0.01,4,H,OFF,OFF,Train
08/01/24,2:44:00 PM,0.19,0.19,0.01,4,H,OFF,OFF,Train
08/01/24,2:43:00 PM,0.18,0.19,0.01,4,H,OFF,OFF,Train
08/01/24,2:42:00 PM,0.18,0.2,0.01,4,H,OFF,OFF,Train
08/01/24,2:41:00 PM,0.18,0.19,0.01,4,H,OFF,OFF,Train
08/01/24,2:40:00 PM,0.18,0.19,0.02,4,H,OFF,OFF,Train
08/01/24,2:39:00 PM,0.19,0.2,0.01,4,H,OFF,OFF,Train
08/01/24,2:38:00 PM,0.18,0.19,0.01,4,H,OFF,OFF,Train
08/01/24,2:37:00 PM,0.18,0.19,0.01,4,H,OFF,OFF,Train
08/01/24,2:36:00 PM,0.18,0.19,0.01,4,H,OFF,OFF,Train
08/01/24,2:35:00 PM,0.18,0.2,0.01,4,H,OFF,OFF,Train
08/01/24,2:34:00 PM,0.18,0.19,0.01,4,H,OFF,OFF,Train
08/01/24,2:33:00 PM,0.19,0.19,0.01,4,H,OFF,OFF,Train
08/01/24,2:32:00 PM,0.18,0.2,0.01,4,H,OFF,OFF,Train
08/01/24,2:31:00 PM,0.18,0.19,0.01,4,H,OFF,OFF,Train
08/01/24,2:30:00 PM,0.18,0.19,0.01,4,H,OFF,OFF,Train
08/01/24,2:29:00 PM,0.18,0.2,0.02,4,H,OFF,OFF,Train
08/01/24,2:28:00 PM,0.19,0.19,0.01,4,H,OFF,OFF,Train
08/01/24,2:27:00 PM,0.18,0.19,0.01,4,H,OFF,OFF,Train
08/01/24,2:26:00 PM,0.18,0.19,0.01,4,H,OFF,OFF,Train
08/01/24,2:25:00 PM,0.18,0.2,0.01,4,H,OFF,OFF,Train
08/01/24,2:24:00 PM,0.19,0.19,0.01,4,H,OFF,OFF,Train
08/01/24,2:23:00 PM,0.18,0.19,0.01,4,H,OFF,OFF,Train
08/01/24,2:22:00 PM,0.18,0.2,0.01,4,H,OFF,OFF,Train
08/01/24,2:21:00 PM,0.18,0.19,0.01,4,H,OFF,OFF,Train
08/01/24,2:20:00 PM,0.18,0.19,0.01,4,H,OFF,OFF,Train
08/01/24,3:19:00 PM,0.18,0.2,0.01,5,OFF,OFF,L,Train
08/01/24,3:18:00 PM,0.18,0.19,0.02,5,OFF,OFF,L,Train
08/01/24,3:17:00 PM,0.18,0.19,0.01,5,OFF,OFF,L,Train
08/01/24,3:16:00 PM,0.18,0.19,0.01,5,OFF,OFF,L,Train
08/01/24,3:15:00 PM,0.18,0.2,0.01,5,OFF,OFF,L,Train
08/01/24,3:14:00 PM,0.18,0.19,0.02,5,OFF,OFF,L,Train
08/01/24,3:13:00 PM,0.18,0.2,0.01,5,OFF,OFF,L,Train
08/01/24,3:12:00 PM,0.18,0.19,0.01,5,OFF,OFF,L,Train
08/01/24,3:11:00 PM,0.18,0.19,0.01,5,OFF,OFF,L,Train
08/01/24,3:10:00 PM,0.18,0.2,0.02,5,OFF,OFF,L,Train
08/01/24,3:09:00 PM,0.18,0.19,0.01,5,OFF,OFF,L,Train
08/01/24,3:08:00 PM,0.18,0.2,0.01,5,OFF,OFF,L,Train
08/01/24,3:07:00 PM,0.18,0.19,0.01,5,OFF,OFF,L,Train
08/01/24,3:06:00 PM,0.18,0.19,0.02,5,OFF,OFF,L,Train
08/01/24,3:05:00 PM,0.19,0.2,0.01,5,OFF,OFF,L,Train
08/01/24,3:04:00 PM,0.18,0.19,0.01,5,OFF,OFF,L,Train
08/01/24,3:03:00 PM,0.18,0.2,0.01,5,OFF,OFF,L,Train
08/01/24,3:02:00 PM,0.17,0.19,0.02,5,OFF,OFF,L,Train
08/01/24,3:01:00 PM,0.18,0.19,0.01,5,OFF,OFF,L,Train
08/01/24,3:00:00 PM,0.18,0.2,0.01,5,OFF,OFF,L,Train
08/01/24,2:59:00 PM,0.18,0.19,0.02,5,OFF,OFF,L,Train
08/01/24,2:58:00 PM,0.18,0.2,0.01,5,OFF,OFF,L,Train
08/01/24,2:57:00 PM,0.18,0.19,0.01,5,OFF,OFF,L,Train
08/01/24,2:56:00 PM,0.18,0.19,0.01,5,OFF,OFF,L,Train
08/01/24,2:55:00 PM,0.19,0.2,0.02,5,OFF,OFF,L,Train
08/01/24,2:54:00 PM,0.18,0.19,0.01,5,OFF,OFF,L,Train
08/01/24,2:53:00 PM,0.18,0.19,0.01,5,OFF,OFF,L,Train
08/01/24,2:52:00 PM,0.18,0.2,0.01,5,OFF,OFF,L,Train
08/01/24,2:51:00 PM,0.18,0.19,0.02,5,OFF,OFF,L,Train
08/01/24,2:50:00 PM,0.18,0.2,0.01,5,OFF,OFF,L,Train
08/01/24,3:49:00 PM,0.18,0.2,0.01,6,OFF,OFF,M,Train
08/01/24,3:48:00 PM,0.18,0.19,0.02,6,OFF,OFF,M,Train
08/01/24,3:47:00 PM,0.18,0.19,0.01,6,OFF,OFF,M,Train
08/01/24,3:46:00 PM,0.18,0.19,0.01,6,OFF,OFF,M,Train
08/01/24,3:45:00 PM,0.18,0.19,0.02,6,OFF,OFF,M,Train
08/01/24,3:44:00 PM,0.18,0.19,0.01,6,OFF,OFF,M,Train
08/01/24,3:43:00 PM,0.19,0.2,0.01,6,OFF,OFF,M,Train
08/01/24,3:42:00 PM,0.18,0.19,0.01,6,OFF,OFF,M,Train
08/01/24,3:41:00 PM,0.18,0.19,0.02,6,OFF,OFF,M,Train
08/01/24,3:40:00 PM,0.18,0.19,0.01,6,OFF,OFF,M,Train
08/01/24,3:39:00 PM,0.18,0.2,0.01,6,OFF,OFF,M,Train
08/01/24,3:38:00 PM,0.18,0.19,0.02,6,OFF,OFF,M,Train
08/01/24,3:37:00 PM,0.18,0.19,0.01,6,OFF,OFF,M,Train
08/01/24,3:36:00 PM,0.18,0.19,0.01,6,OFF,OFF,M,Train
08/01/24,3:35:00 PM,0.19,0.2,0.02,6,OFF,OFF,M,Train
08/01/24,3:34:00 PM,0.18,0.19,0.01,6,OFF,OFF,M,Train
08/01/24,3:33:00 PM,0.18,0.19,0.01,6,OFF,OFF,M,Train
08/01/24,3:31:59 PM,0.18,0.2,0.02,6,OFF,OFF,M,Train
08/01/24,3:31:00 PM,0.18,0.19,0.01,6,OFF,OFF,M,Train
08/01/24,3:30:00 PM,0.18,0.19,0.01,6,OFF,OFF,M,Train
08/01/24,3:29:00 PM,0.18,0.19,0.01,6,OFF,OFF,M,Train
08/01/24,3:28:00 PM,0.18,0.2,0.02,6,OFF,OFF,M,Train
08/01/24,3:27:00 PM,0.18,0.19,0.01,6,OFF,OFF,M,Train
08/01/24,3:26:00 PM,0.18,0.19,0.01,6,OFF,OFF,M,Train
08/01/24,3:25:00 PM,0.19,0.2,0.02,6,OFF,OFF,M,Train
08/01/24,3:24:00 PM,0.18,0.19,0.01,6,OFF,OFF,M,Train
08/01/24,3:23:00 PM,0.18,0.19,0.01,6,OFF,OFF,M,Train
08/01/24,3:22:00 PM,0.18,0.2,0.02,6,OFF,OFF,M,Train
08/01/24,3:21:00 PM,0.18,0.19,0.01,6,OFF,OFF,M,Train
08/01/24,3:20:00 PM,0.18,0.19,0.01,6,OFF,OFF,M,Train
08/01/24,4:19:00 PM,0.19,0.19,0.01,7,OFF,OFF,H,Train
08/01/24,4:18:00 PM,0.18,0.19,0.01,7,OFF,OFF,H,Train
08/01/24,4:17:00 PM,0.18,0.19,0.02,7,OFF,OFF,H,Train
08/01/24,4:16:00 PM,0.18,0.19,0.01,7,OFF,OFF,H,Train
08/01/24,4:15:00 PM,0.18,0.19,0.01,7,OFF,OFF,H,Train
08/01/24,4:14:00 PM,0.18,0.2,0.01,7,OFF,OFF,H,Train
08/01/24,4:13:00 PM,0.18,0.19,0.02,7,OFF,OFF,H,Train
08/01/24,4:12:00 PM,0.18,0.19,0.01,7,OFF,OFF,H,Train
08/01/24,4:11:00 PM,0.18,0.19,0.01,7,OFF,OFF,H,Train
08/01/24,4:10:00 PM,0.18,0.2,0.02,7,OFF,OFF,H,Train
08/01/24,4:09:00 PM,0.18,0.19,0.01,7,OFF,OFF,H,Train
08/01/24,4:08:00 PM,0.18,0.19,0.01,7,OFF,OFF,H,Train
08/01/24,4:07:00 PM,0.18,0.19,0.02,7,OFF,OFF,H,Train
08/01/24,4:06:00 PM,0.19,0.2,0.01,7,OFF,OFF,H,Train
08/01/24,4:05:00 PM,0.18,0.19,0.01,7,OFF,OFF,H,Train
08/01/24,4:04:00 PM,0.18,0.19,0.02,7,OFF,OFF,H,Train
08/01/24,4:03:00 PM,0.18,0.2,0.01,7,OFF,OFF,H,Train
08/01/24,4:02:00 PM,0.18,0.19,0.01,7,OFF,OFF,H,Train
08/01/24,4:01:00 PM,0.18,0.19,0.02,7,OFF,OFF,H,Train
08/01/24,4:00:00 PM,0.18,0.19,0.01,7,OFF,OFF,H,Train
08/01/24,3:59:00 PM,0.18,0.19,0.01,7,OFF,OFF,H,Train
08/01/24,3:58:00 PM,0.18,0.2,0.02,7,OFF,OFF,H,Train
08/01/24,3:57:00 PM,0.19,0.19,0.01,7,OFF,OFF,H,Train
08/01/24,3:56:00 PM,0.18,0.19,0.01,7,OFF,OFF,H,Train
08/01/24,3:55:00 PM,0.18,0.19,0.01,7,OFF,OFF,H,Train
08/01/24,3:54:00 PM,0.18,0.19,0.02,7,OFF,OFF,H,Train
08/01/24,3:53:00 PM,0.18,0.2,0.01,7,OFF,OFF,H,Train
08/01/24,3:52:00 PM,0.18,0.19,0.01,7,OFF,OFF,H,Train
08/01/24,3:51:00 PM,0.18,0.19,0.02,7,OFF,OFF,H,Train
08/01/24,3:50:00 PM,0.18,0.19,0.01,7,OFF,OFF,H,Train
08/01/24,4:49:00 PM,0.18,0.19,0.01,8,OFF,L,OFF,Train
08/01/24,4:48:00 PM,0.18,0.19,0.02,8,OFF,L,OFF,Train
08/01/24,4:47:00 PM,0.18,0.2,0.01,8,OFF,L,OFF,Train
08/01/24,4:46:00 PM,0.18,0.19,0.01,8,OFF,L,OFF,Train
08/01/24,4:45:00 PM,0.18,0.19,0.01,8,OFF,L,OFF,Train
08/01/24,4:44:00 PM,0.18,0.2,0.01,8,OFF,L,OFF,Train
08/01/24,4:43:00 PM,0.18,0.19,0.01,8,OFF,L,OFF,Train
08/01/24,4:42:00 PM,0.17,0.19,0.01,8,OFF,L,OFF,Train
08/01/24,4:41:00 PM,0.18,0.2,0.01,8,OFF,L,OFF,Train
08/01/24,4:40:00 PM,0.18,0.19,0.01,8,OFF,L,OFF,Train
08/01/24,4:39:00 PM,0.18,0.2,0.01,8,OFF,L,OFF,Train
08/01/24,4:38:00 PM,0.18,0.19,0.02,8,OFF,L,OFF,Train
08/01/24,4:37:00 PM,0.18,0.19,0.01,8,OFF,L,OFF,Train
08/01/24,4:36:00 PM,0.18,0.2,0.01,8,OFF,L,OFF,Train
08/01/24,4:35:00 PM,0.17,0.19,0.01,8,OFF,L,OFF,Train
08/01/24,4:34:00 PM,0.18,0.19,0.01,8,OFF,L,OFF,Train
08/01/24,4:33:00 PM,0.18,0.2,0.01,8,OFF,L,OFF,Train
08/01/24,4:32:00 PM,0.18,0.19,0.01,8,OFF,L,OFF,Train
08/01/24,4:31:00 PM,0.18,0.2,0.01,8,OFF,L,OFF,Train
08/01/24,4:30:00 PM,0.18,0.19,0.01,8,OFF,L,OFF,Train
08/01/24,4:29:00 PM,0.18,0.19,0.01,8,OFF,L,OFF,Train
08/01/24,4:28:00 PM,0.18,0.2,0.02,8,OFF,L,OFF,Train
08/01/24,4:27:00 PM,0.18,0.19,0.01,8,OFF,L,OFF,Train
08/01/24,4:26:00 PM,0.18,0.19,0.01,8,OFF,L,OFF,Train
08/01/24,4:25:00 PM,0.18,0.2,0.01,8,OFF,L,OFF,Train
08/01/24,4:24:00 PM,0.18,0.19,0.01,8,OFF,L,OFF,Train
08/01/24,4:23:00 PM,0.18,0.2,0.01,8,OFF,L,OFF,Train
08/01/24,4:22:00 PM,0.17,0.19,0.01,8,OFF,L,OFF,Train
08/01/24,4:21:00 PM,0.18,0.19,0.01,8,OFF,L,OFF,Train
08/01/24,4:20:00 PM,0.18,0.2,0.02,8,OFF,L,OFF,Train
08/01/24,5:20:00 PM,0.18,0.19,0.01,9,OFF,M,OFF,Train
08/01/24,5:19:00 PM,0.18,0.19,0.01,9,OFF,M,OFF,Train
08/01/24,5:18:00 PM,0.18,0.19,0.01,9,OFF,M,OFF,Train
08/01/24,5:17:00 PM,0.18,0.19,0.01,9,OFF,M,OFF,Train
08/01/24,5:16:00 PM,0.18,0.19,0.01,9,OFF,M,OFF,Train
08/01/24,5:15:00 PM,0.18,0.2,0.01,9,OFF,M,OFF,Train
08/01/24,5:14:00 PM,0.18,0.19,0.01,9,OFF,M,OFF,Train
08/01/24,5:13:00 PM,0.18,0.19,0.01,9,OFF,M,OFF,Train
08/01/24,5:12:00 PM,0.18,0.19,0.01,9,OFF,M,OFF,Train
08/01/24,5:11:00 PM,0.18,0.19,0.01,9,OFF,M,OFF,Train
08/01/24,5:10:00 PM,0.18,0.19,0.02,9,OFF,M,OFF,Train
08/01/24,5:09:00 PM,0.18,0.2,0.01,9,OFF,M,OFF,Train
08/01/24,5:08:00 PM,0.18,0.19,0.01,9,OFF,M,OFF,Train
08/01/24,5:07:00 PM,0.18,0.19,0.01,9,OFF,M,OFF,Train
08/01/24,5:06:00 PM,0.18,0.19,0.01,9,OFF,M,OFF,Train
08/01/24,5:05:00 PM,0.18,0.2,0.01,9,OFF,M,OFF,Train
08/01/24,5:04:00 PM,0.18,0.19,0.01,9,OFF,M,OFF,Train
08/01/24,5:03:00 PM,0.18,0.19,0.01,9,OFF,M,OFF,Train
08/01/24,5:02:00 PM,0.19,0.2,0.01,9,OFF,M,OFF,Train
08/01/24,5:01:00 PM,0.17,0.19,0.01,9,OFF,M,OFF,Train
08/01/24,5:00:00 PM,0.18,0.19,0.01,9,OFF,M,OFF,Train
08/01/24,4:59:00 PM,0.19,0.19,0.01,9,OFF,M,OFF,Train
08/01/24,4:58:00 PM,0.18,0.19,0.02,9,OFF,M,OFF,Train
08/01/24,4:57:00 PM,0.18,0.2,0.01,9,OFF,M,OFF,Train
08/01/24,4:56:00 PM,0.18,0.19,0.01,9,OFF,M,OFF,Train
08/01/24,4:55:00 PM,0.18,0.19,0.01,9,OFF,M,OFF,Train
08/01/24,4:54:00 PM,0.18,0.19,0.01,9,OFF,M,OFF,Train
08/01/24,4:53:00 PM,0.18,0.2,0.01,9,OFF,M,OFF,Train
08/01/24,4:52:00 PM,0.18,0.19,0.01,9,OFF,M,OFF,Train
08/01/24,4:51:00 PM,0.17,0.19,0.01,9,OFF,M,OFF,Train
08/01/24,4:50:00 PM,0.18,0.2,0.01,9,OFF,M,OFF,Train
09/01/24,10:24:00 AM,0.18,0.19,0.01,10,OFF,H,OFF,Train
09/01/24,10:23:00 AM,0.18,0.2,0.01,10,OFF,H,OFF,Train
09/01/24,10:22:00 AM,0.19,0.19,0.01,10,OFF,H,OFF,Train
09/01/24,10:21:00 AM,0.18,0.19,0.01,10,OFF,H,OFF,Train
09/01/24,10:20:00 AM,0.18,0.2,0.01,10,OFF,H,OFF,Train
09/01/24,10:19:00 AM,0.18,0.19,0.01,10,OFF,H,OFF,Train
09/01/24,10:18:00 AM,0.19,0.2,0.01,10,OFF,H,OFF,Train
09/01/24,10:17:00 AM,0.18,0.19,0.01,10,OFF,H,OFF,Train
09/01/24,10:16:00 AM,0.18,0.19,0.01,10,OFF,H,OFF,Train
09/01/24,10:15:00 AM,0.18,0.2,0.02,10,OFF,H,OFF,Train
09/01/24,10:14:00 AM,0.19,0.19,0.01,10,OFF,H,OFF,Train
09/01/24,10:13:00 AM,0.18,0.19,0.01,10,OFF,H,OFF,Train
09/01/24,10:12:00 AM,0.18,0.2,0.01,10,OFF,H,OFF,Train
09/01/24,10:11:00 AM,0.19,0.19,0.01,10,OFF,H,OFF,Train
09/01/24,10:10:00 AM,0.18,0.2,0.01,10,OFF,H,OFF,Train
09/01/24,10:09:00 AM,0.19,0.2,0.01,10,OFF,H,OFF,Train
09/01/24,10:08:00 AM,0.18,0.19,0.01,10,OFF,H,OFF,Train
09/01/24,10:07:00 AM,0.18,0.2,0.01,10,OFF,H,OFF,Train
09/01/24,10:06:00 AM,0.19,0.19,0.01,10,OFF,H,OFF,Train
09/01/24,10:05:00 AM,0.18,0.2,0.02,10,OFF,H,OFF,Train
09/01/24,10:04:00 AM,0.19,0.2,0.01,10,OFF,H,OFF,Train
09/01/24,10:03:00 AM,0.18,0.19,0.01,10,OFF,H,OFF,Train
09/01/24,10:02:00 AM,0.18,0.19,0.01,10,OFF,H,OFF,Train
09/01/24,10:01:00 AM,0.19,0.2,0.01,10,OFF,H,OFF,Train
09/01/24,10:00:00 AM,0.19,0.2,0.01,10,OFF,H,OFF,Train
09/01/24,9:59:00 AM,0.19,0.2,0.01,10,OFF,H,OFF,Train
09/01/24,9:58:00 AM,0.18,0.2,0.01,10,OFF,H,OFF,Train
09/01/24,9:57:00 AM,0.19,0.2,0.01,10,OFF,H,OFF,Train
09/01/24,9:56:00 AM,0.19,0.21,0.02,10,OFF,H,OFF,Train
09/01/24,10:54:00 AM,0.18,0.19,0.01,11,L,OFF,L,Train
09/01/24,10:53:00 AM,0.18,0.19,0.02,11,L,OFF,L,Train
09/01/24,10:52:00 AM,0.19,0.2,0.01,11,L,OFF,L,Train
09/01/24,10:51:00 AM,0.18,0.19,0.01,11,L,OFF,L,Train
09/01/24,10:50:00 AM,0.18,0.19,0.01,11,L,OFF,L,Train
09/01/24,10:49:00 AM,0.18,0.19,0.02,11,L,OFF,L,Train
09/01/24,10:48:00 AM,0.18,0.2,0.01,11,L,OFF,L,Train
09/01/24,10:47:00 AM,0.18,0.19,0.01,11,L,OFF,L,Train
09/01/24,10:46:00 AM,0.19,0.19,0.01,11,L,OFF,L,Train
09/01/24,10:45:00 AM,0.18,0.2,0.01,11,L,OFF,L,Train
09/01/24,10:44:00 AM,0.18,0.19,0.02,11,L,OFF,L,Train
09/01/24,10:43:00 AM,0.18,0.19,0.01,11,L,OFF,L,Train
09/01/24,10:42:00 AM,0.19,0.2,0.01,11,L,OFF,L,Train
09/01/24,10:41:00 AM,0.18,0.19,0.01,11,L,OFF,L,Train
09/01/24,10:40:00 AM,0.18,0.19,0.02,11,L,OFF,L,Train
09/01/24,10:39:00 AM,0.18,0.19,0.01,11,L,OFF,L,Train
09/01/24,10:38:00 AM,0.19,0.2,0.01,11,L,OFF,L,Train
09/01/24,10:37:00 AM,0.18,0.19,0.01,11,L,OFF,L,Train
09/01/24,10:36:00 AM,0.18,0.19,0.01,11,L,OFF,L,Train
09/01/24,10:35:00 AM,0.18,0.2,0.02,11,L,OFF,L,Train
09/01/24,10:34:00 AM,0.19,0.19,0.01,11,L,OFF,L,Train
09/01/24,10:33:00 AM,0.18,0.19,0.01,11,L,OFF,L,Train
09/01/24,10:32:00 AM,0.18,0.19,0.01,11,L,OFF,L,Train
09/01/24,10:31:00 AM,0.18,0.19,0.02,11,L,OFF,L,Train
09/01/24,10:30:00 AM,0.19,0.2,0.01,11,L,OFF,L,Train
09/01/24,10:29:00 AM,0.18,0.19,0.01,11,L,OFF,L,Train
09/01/24,10:28:00 AM,0.18,0.19,0.01,11,L,OFF,L,Train
09/01/24,10:27:00 AM,0.19,0.2,0.01,11,L,OFF,L,Train
09/01/24,10:26:00 AM,0.18,0.19,0.02,11,L,OFF,L,Train
09/01/24,10:25:00 AM,0.18,0.2,0.01,11,L,OFF,L,Train
09/01/24,11:24:00 AM,0.18,0.19,0.01,12,M,OFF,M,Test
09/01/24,11:23:00 AM,0.19,0.18,0.02,12,M,OFF,M,Test
09/01/24,11:22:00 AM,0.18,0.2,0.01,12,M,OFF,M,Test
09/01/24,11:21:00 AM,0.18,0.18,0.01,12,M,OFF,M,Test
09/01/24,11:20:00 AM,0.19,0.19,0.01,12,M,OFF,M,Test
09/01/24,11:19:00 AM,0.18,0.19,0.02,12,M,OFF,M,Test
09/01/24,11:18:00 AM,0.19,0.19,0.01,12,M,OFF,M,Test
09/01/24,11:17:00 AM,0.18,0.19,0.01,12,M,OFF,M,Test
09/01/24,11:16:00 AM,0.18,0.19,0.02,12,M,OFF,M,Test
09/01/24,11:15:00 AM,0.18,0.19,0.01,12,M,OFF,M,Test
09/01/24,11:14:00 AM,0.19,0.19,0.01,12,M,OFF,M,Test
09/01/24,11:13:00 AM,0.18,0.19,0.01,12,M,OFF,M,Test
09/01/24,11:12:00 AM,0.19,0.19,0.02,12,M,OFF,M,Test
09/01/24,11:11:00 AM,0.18,0.19,0.01,12,M,OFF,M,Test
09/01/24,11:10:00 AM,0.18,0.19,0.01,12,M,OFF,M,Test
09/01/24,11:09:00 AM,0.19,0.19,0.01,12,M,OFF,M,Test
09/01/24,11:08:00 AM,0.18,0.19,0.02,12,M,OFF,M,Test
09/01/24,11:07:00 AM,0.19,0.19,0.01,12,M,OFF,M,Test
09/01/24,11:06:00 AM,0.18,0.19,0.01,12,M,OFF,M,Test
09/01/24,11:05:00 AM,0.19,0.19,0.02,12,M,OFF,M,Test
09/01/24,11:04:00 AM,0.18,0.19,0.01,12,M,OFF,M,Test
09/01/24,11:03:00 AM,0.18,0.19,0.01,12,M,OFF,M,Test
09/01/24,11:02:00 AM,0.19,0.18,0.01,12,M,OFF,M,Test
09/01/24,11:01:00 AM,0.18,0.2,0.02,12,M,OFF,M,Test
09/01/24,11:00:00 AM,0.18,0.19,0.01,12,M,OFF,M,Test
09/01/24,10:59:00 AM,0.19,0.19,0.01,12,M,OFF,M,Test
09/01/24,10:58:00 AM,0.18,0.19,0.01,12,M,OFF,M,Test
09/01/24,10:57:00 AM,0.19,0.19,0.02,12,M,OFF,M,Test
09/01/24,10:56:00 AM,0.18,0.19,0.01,12,M,OFF,M,Test
09/01/24,10:55:00 AM,0.18,0.19,0.01,12,M,OFF,M,Test
09/01/24,11:54:00 AM,0.18,0.19,0.01,13,H,OFF,H,Test
09/01/24,11:53:00 AM,0.19,0.18,0.01,13,H,OFF,H,Test
09/01/24,11:52:00 AM,0.18,0.19,0.01,13,H,OFF,H,Test
09/01/24,11:51:00 AM,0.19,0.19,0.02,13,H,OFF,H,Test
09/01/24,11:50:00 AM,0.18,0.19,0.01,13,H,OFF,H,Test
09/01/24,11:49:00 AM,0.19,0.19,0.01,13,H,OFF,H,Test
09/01/24,11:48:00 AM,0.18,0.19,0.02,13,H,OFF,H,Test
09/01/24,11:47:00 AM,0.18,0.19,0.01,13,H,OFF,H,Test
09/01/24,11:46:00 AM,0.19,0.18,0.01,13,H,OFF,H,Test
09/01/24,11:45:00 AM,0.18,0.19,0.01,13,H,OFF,H,Test
09/01/24,11:44:00 AM,0.19,0.19,0.02,13,H,OFF,H,Test
09/01/24,11:43:00 AM,0.18,0.19,0.01,13,H,OFF,H,Test
09/01/24,11:42:00 AM,0.18,0.19,0.01,13,H,OFF,H,Test
09/01/24,11:41:00 AM,0.19,0.19,0.01,13,H,OFF,H,Test
09/01/24,11:40:00 AM,0.18,0.19,0.02,13,H,OFF,H,Test
09/01/24,11:39:00 AM,0.19,0.19,0.01,13,H,OFF,H,Test
09/01/24,11:38:00 AM,0.18,0.19,0.01,13,H,OFF,H,Test
09/01/24,11:37:00 AM,0.19,0.19,0.02,13,H,OFF,H,Test
09/01/24,11:36:00 AM,0.18,0.19,0.01,13,H,OFF,H,Test
09/01/24,11:35:00 AM,0.19,0.19,0.01,13,H,OFF,H,Test
09/01/24,11:34:00 AM,0.18,0.19,0.01,13,H,OFF,H,Test
09/01/24,11:33:00 AM,0.19,0.18,0.02,13,H,OFF,H,Test
09/01/24,11:32:00 AM,0.18,0.19,0.01,13,H,OFF,H,Test
09/01/24,11:31:00 AM,0.18,0.19,0.01,13,H,OFF,H,Test
09/01/24,11:30:00 AM,0.19,0.19,0.02,13,H,OFF,H,Test
09/01/24,11:29:00 AM,0.18,0.19,0.01,13,H,OFF,H,Test
09/01/24,11:28:00 AM,0.19,0.19,0.01,13,H,OFF,H,Test
09/01/24,11:27:00 AM,0.18,0.19,0.01,13,H,OFF,H,Test
09/01/24,11:26:00 AM,0.19,0.19,0.02,13,H,OFF,H,Test
09/01/24,11:25:00 AM,0.18,0.19,0.01,13,H,OFF,H,Test
09/01/24,12:24:00 PM,0.18,0.19,0.02,14,L,L,OFF,Test
09/01/24,12:23:00 PM,0.17,0.19,0.01,14,L,L,OFF,Test
09/01/24,12:22:00 PM,0.18,0.2,0.01,14,L,L,OFF,Test
09/01/24,12:21:00 PM,0.18,0.19,0.01,14,L,L,OFF,Test
09/01/24,12:20:00 PM,0.18,0.19,0.01,14,L,L,OFF,Test
09/01/24,12:19:00 PM,0.18,0.2,0.01,14,L,L,OFF,Test
09/01/24,12:18:00 PM,0.18,0.19,0.01,14,L,L,OFF,Test
09/01/24,12:17:00 PM,0.18,0.19,0.01,14,L,L,OFF,Test
09/01/24,12:16:00 PM,0.18,0.19,0.01,14,L,L,OFF,Test
09/01/24,12:15:00 PM,0.18,0.2,0.01,14,L,L,OFF,Test
09/01/24,12:14:00 PM,0.18,0.19,0.01,14,L,L,OFF,Test
09/01/24,12:13:00 PM,0.18,0.19,0.01,14,L,L,OFF,Test
09/01/24,12:12:00 PM,0.18,0.19,0.02,14,L,L,OFF,Test
09/01/24,12:11:00 PM,0.18,0.2,0.01,14,L,L,OFF,Test
09/01/24,12:10:00 PM,0.18,0.19,0.01,14,L,L,OFF,Test
09/01/24,12:09:00 PM,0.18,0.19,0.01,14,L,L,OFF,Test
09/01/24,12:08:00 PM,0.18,0.2,0.01,14,L,L,OFF,Test
09/01/24,12:07:00 PM,0.17,0.19,0.01,14,L,L,OFF,Test
09/01/24,12:06:00 PM,0.18,0.19,0.01,14,L,L,OFF,Test
09/01/24,12:05:00 PM,0.18,0.2,0.01,14,L,L,OFF,Test
09/01/24,12:04:00 PM,0.18,0.19,0.01,14,L,L,OFF,Test
09/01/24,12:03:00 PM,0.18,0.19,0.01,14,L,L,OFF,Test
09/01/24,12:02:00 PM,0.18,0.2,0.01,14,L,L,OFF,Test
09/01/24,12:01:00 PM,0.18,0.19,0.01,14,L,L,OFF,Test
09/01/24,12:00:00 PM,0.18,0.19,0.02,14,L,L,OFF,Test
09/01/24,11:59:00 AM,0.18,0.19,0.01,14,L,L,OFF,Test
09/01/24,11:58:00 AM,0.18,0.2,0.01,14,L,L,OFF,Test
09/01/24,11:57:00 AM,0.18,0.19,0.01,14,L,L,OFF,Test
09/01/24,11:56:00 AM,0.18,0.19,0.01,14,L,L,OFF,Test
09/01/24,11:55:00 AM,0.19,0.19,0.02,14,L,L,OFF,Test
09/01/24,12:54:00 PM,0.18,0.19,0.01,15,M,M,OFF,Train
09/01/24,12:53:00 PM,0.19,0.19,0.02,15,M,M,OFF,Train
09/01/24,12:52:00 PM,0.18,0.19,0.01,15,M,M,OFF,Train
09/01/24,12:51:00 PM,0.18,0.19,0.01,15,M,M,OFF,Train
09/01/24,12:50:00 PM,0.18,0.19,0.01,15,M,M,OFF,Train
09/01/24,12:49:00 PM,0.19,0.19,0.01,15,M,M,OFF,Train
09/01/24,12:48:00 PM,0.18,0.19,0.01,15,M,M,OFF,Train
09/01/24,12:46:59 PM,0.18,0.19,0.01,15,M,M,OFF,Train
09/01/24,12:46:00 PM,0.18,0.19,0.01,15,M,M,OFF,Train
09/01/24,12:45:00 PM,0.19,0.19,0.01,15,M,M,OFF,Train
09/01/24,12:44:00 PM,0.18,0.19,0.01,15,M,M,OFF,Train
09/01/24,12:43:00 PM,0.18,0.19,0.01,15,M,M,OFF,Train
09/01/24,12:42:00 PM,0.19,0.19,0.01,15,M,M,OFF,Train
09/01/24,12:41:00 PM,0.18,0.19,0.01,15,M,M,OFF,Train
09/01/24,12:40:00 PM,0.18,0.19,0.01,15,M,M,OFF,Train
09/01/24,12:39:00 PM,0.19,0.19,0.01,15,M,M,OFF,Train
09/01/24,12:38:00 PM,0.18,0.19,0.02,15,M,M,OFF,Train
09/01/24,12:37:00 PM,0.19,0.19,0.01,15,M,M,OFF,Train
09/01/24,12:36:00 PM,0.18,0.19,0.01,15,M,M,OFF,Train
09/01/24,12:35:00 PM,0.18,0.19,0.01,15,M,M,OFF,Train
09/01/24,12:34:00 PM,0.19,0.19,0.01,15,M,M,OFF,Train
09/01/24,12:33:00 PM,0.18,0.19,0.01,15,M,M,OFF,Train
09/01/24,12:32:00 PM,0.18,0.18,0.01,15,M,M,OFF,Train
09/01/24,12:31:00 PM,0.19,0.19,0.01,15,M,M,OFF,Train
09/01/24,12:30:00 PM,0.18,0.19,0.01,15,M,M,OFF,Train
09/01/24,12:29:00 PM,0.18,0.19,0.01,15,M,M,OFF,Train
09/01/24,12:28:00 PM,0.18,0.19,0.01,15,M,M,OFF,Train
09/01/24,12:27:00 PM,0.19,0.19,0.01,15,M,M,OFF,Train
09/01/24,12:26:00 PM,0.18,0.19,0.01,15,M,M,OFF,Train
09/01/24,12:25:00 PM,0.18,0.2,0.01,15,M,M,OFF,Train
09/01/24,1:29:00 PM,0.19,0.19,0.01,16,H,H,OFF,Train
09/01/24,1:28:00 PM,0.18,0.19,0.01,16,H,H,OFF,Train
09/01/24,1:27:00 PM,0.19,0.18,0.01,16,H,H,OFF,Train
09/01/24,1:26:00 PM,0.18,0.19,0.01,16,H,H,OFF,Train
09/01/24,1:25:00 PM,0.18,0.19,0.01,16,H,H,OFF,Train
09/01/24,1:24:00 PM,0.19,0.19,0.01,16,H,H,OFF,Train
09/01/24,1:23:00 PM,0.18,0.19,0.02,16,H,H,OFF,Train
09/01/24,1:22:00 PM,0.18,0.19,0.01,16,H,H,OFF,Train
09/01/24,1:21:00 PM,0.19,0.19,0.01,16,H,H,OFF,Train
09/01/24,1:20:00 PM,0.18,0.19,0.01,16,H,H,OFF,Train
09/01/24,1:19:00 PM,0.19,0.19,0.01,16,H,H,OFF,Train
09/01/24,1:18:00 PM,0.18,0.19,0.01,16,H,H,OFF,Train
09/01/24,1:17:00 PM,0.18,0.19,0.01,16,H,H,OFF,Train
09/01/24,1:16:00 PM,0.19,0.19,0.01,16,H,H,OFF,Train
09/01/24,1:15:00 PM,0.18,0.19,0.01,16,H,H,OFF,Train
09/01/24,1:14:00 PM,0.18,0.19,0.01,16,H,H,OFF,Train
09/01/24,1:13:00 PM,0.19,0.19,0.01,16,H,H,OFF,Train
09/01/24,1:12:00 PM,0.18,0.18,0.01,16,H,H,OFF,Train
09/01/24,1:11:00 PM,0.19,0.19,0.01,16,H,H,OFF,Train
09/01/24,1:10:00 PM,0.18,0.19,0.01,16,H,H,OFF,Train
09/01/24,1:09:00 PM,0.18,0.19,0.01,16,H,H,OFF,Train
09/01/24,1:08:00 PM,0.19,0.19,0.02,16,H,H,OFF,Train
09/01/24,1:07:00 PM,0.18,0.19,0.01,16,H,H,OFF,Train
09/01/24,1:06:00 PM,0.19,0.19,0.01,16,H,H,OFF,Train
09/01/24,1:05:00 PM,0.18,0.19,0.01,16,H,H,OFF,Train
09/01/24,1:04:00 PM,0.18,0.19,0.01,16,H,H,OFF,Train
09/01/24,1:03:00 PM,0.19,0.19,0.01,16,H,H,OFF,Train
09/01/24,1:02:00 PM,0.18,0.19,0.01,16,H,H,OFF,Train
09/01/24,1:01:00 PM,0.19,0.18,0.01,16,H,H,OFF,Train
09/01/24,1:00:00 PM,0.18,0.19,0.01,16,H,H,OFF,Train
09/01/24,12:59:00 PM,0.18,0.19,0.01,16,H,H,OFF,Train
09/01/24,12:58:00 PM,0.19,0.19,0.01,16,H,H,OFF,Train
09/01/24,12:57:00 PM,0.18,0.19,0.01,16,H,H,OFF,Train
09/01/24,12:56:00 PM,0.19,0.19,0.01,16,H,H,OFF,Train
09/01/24,12:55:00 PM,0.18,0.19,0.01,16,H,H,OFF,Train
10/01/24,10:59:00 AM,0.19,0.19,0.01,17,OFF,L,L,Train
10/01/24,10:58:00 AM,0.18,0.19,0.01,17,OFF,L,L,Train
10/01/24,10:57:00 AM,0.18,0.2,0.02,17,OFF,L,L,Train
10/01/24,10:56:00 AM,0.19,0.19,0.01,17,OFF,L,L,Train
10/01/24,10:55:00 AM,0.18,0.2,0.01,17,OFF,L,L,Train
10/01/24,10:54:00 AM,0.18,0.19,0.01,17,OFF,L,L,Train
10/01/24,10:53:00 AM,0.18,0.19,0.01,17,OFF,L,L,Train
10/01/24,10:52:00 AM,0.19,0.2,0.02,17,OFF,L,L,Train
10/01/24,10:51:00 AM,0.18,0.19,0.01,17,OFF,L,L,Train
10/01/24,10:50:00 AM,0.18,0.2,0.01,17,OFF,L,L,Train
10/01/24,10:49:00 AM,0.19,0.19,0.01,17,OFF,L,L,Train
10/01/24,10:48:00 AM,0.18,0.19,0.02,17,OFF,L,L,Train
10/01/24,10:47:00 AM,0.18,0.2,0.01,17,OFF,L,L,Train
10/01/24,10:46:00 AM,0.18,0.19,0.01,17,OFF,L,L,Train
10/01/24,10:45:00 AM,0.19,0.19,0.01,17,OFF,L,L,Train
10/01/24,10:44:00 AM,0.18,0.2,0.01,17,OFF,L,L,Train
10/01/24,10:43:00 AM,0.19,0.2,0.02,17,OFF,L,L,Train
10/01/24,10:42:00 AM,0.18,0.19,0.01,17,OFF,L,L,Train
10/01/24,10:41:00 AM,0.19,0.2,0.01,17,OFF,L,L,Train
10/01/24,10:40:00 AM,0.18,0.19,0.01,17,OFF,L,L,Train
10/01/24,10:39:00 AM,0.19,0.2,0.02,17,OFF,L,L,Train
10/01/24,10:38:00 AM,0.18,0.2,0.01,17,OFF,L,L,Train
10/01/24,10:37:00 AM,0.19,0.19,0.01,17,OFF,L,L,Train
10/01/24,10:36:00 AM,0.18,0.2,0.01,17,OFF,L,L,Train
10/01/24,10:35:00 AM,0.19,0.2,0.02,17,OFF,L,L,Train
10/01/24,10:34:00 AM,0.19,0.2,0.01,17,OFF,L,L,Train
10/01/24,10:33:00 AM,0.18,0.19,0.01,17,OFF,L,L,Train
10/01/24,10:32:00 AM,0.19,0.21,0.01,17,OFF,L,L,Train
10/01/24,10:31:00 AM,0.18,0.2,0.01,17,OFF,L,L,Train
10/01/24,10:30:00 AM,0.03,0.02,0.01,17,OFF,L,L,Train
10/01/24,11:29:00 AM,0.18,0.2,0.01,18,OFF,M,M,Train
10/01/24,11:28:00 AM,0.19,0.19,0.02,18,OFF,M,M,Train
10/01/24,11:27:00 AM,0.18,0.19,0.01,18,OFF,M,M,Train
10/01/24,11:26:00 AM,0.18,0.19,0.01,18,OFF,M,M,Train
10/01/24,11:25:00 AM,0.19,0.19,0.01,18,OFF,M,M,Train
10/01/24,11:24:00 AM,0.18,0.19,0.02,18,OFF,M,M,Train
10/01/24,11:23:00 AM,0.18,0.19,0.01,18,OFF,M,M,Train
10/01/24,11:22:00 AM,0.19,0.19,0.01,18,OFF,M,M,Train
10/01/24,11:21:00 AM,0.18,0.19,0.02,18,OFF,M,M,Train
10/01/24,11:20:00 AM,0.18,0.19,0.01,18,OFF,M,M,Train
10/01/24,11:19:00 AM,0.19,0.19,0.01,18,OFF,M,M,Train
10/01/24,11:18:00 AM,0.18,0.19,0.01,18,OFF,M,M,Train
10/01/24,11:17:00 AM,0.19,0.19,0.02,18,OFF,M,M,Train
10/01/24,11:16:00 AM,0.18,0.19,0.01,18,OFF,M,M,Train
10/01/24,11:15:00 AM,0.18,0.19,0.01,18,OFF,M,M,Train
10/01/24,11:14:00 AM,0.19,0.19,0.01,18,OFF,M,M,Train
10/01/24,11:13:00 AM,0.18,0.19,0.02,18,OFF,M,M,Train
10/01/24,11:12:00 AM,0.18,0.19,0.01,18,OFF,M,M,Train
10/01/24,11:11:00 AM,0.19,0.2,0.01,18,OFF,M,M,Train
10/01/24,11:10:00 AM,0.18,0.19,0.01,18,OFF,M,M,Train
10/01/24,11:09:00 AM,0.19,0.19,0.02,18,OFF,M,M,Train
10/01/24,11:08:00 AM,0.18,0.19,0.01,18,OFF,M,M,Train
10/01/24,11:07:00 AM,0.19,0.19,0.01,18,OFF,M,M,Train
10/01/24,11:06:00 AM,0.18,0.19,0.01,18,OFF,M,M,Train
10/01/24,11:05:00 AM,0.18,0.19,0.02,18,OFF,M,M,Train
10/01/24,11:04:00 AM,0.19,0.19,0.01,18,OFF,M,M,Train
10/01/24,11:03:00 AM,0.18,0.19,0.01,18,OFF,M,M,Train
10/01/24,11:02:00 AM,0.19,0.19,0.02,18,OFF,M,M,Train
10/01/24,11:01:00 AM,0.18,0.19,0.01,18,OFF,M,M,Train
10/01/24,11:00:00 AM,0.18,0.2,0.01,18,OFF,M,M,Train
10/01/24,12:00:00 PM,0.19,0.19,0.01,19,OFF,H,H,Train
10/01/24,11:59:00 AM,0.18,0.19,0.01,19,OFF,H,H,Train
10/01/24,11:58:00 AM,0.18,0.18,0.02,19,OFF,H,H,Train
10/01/24,11:57:00 AM,0.19,0.19,0.01,19,OFF,H,H,Train
10/01/24,11:56:00 AM,0.18,0.19,0.01,19,OFF,H,H,Train
10/01/24,11:55:00 AM,0.18,0.19,0.02,19,OFF,H,H,Train
10/01/24,11:54:00 AM,0.19,0.19,0.01,19,OFF,H,H,Train
10/01/24,11:53:00 AM,0.18,0.19,0.01,19,OFF,H,H,Train
10/01/24,11:52:00 AM,0.18,0.19,0.01,19,OFF,H,H,Train
10/01/24,11:51:00 AM,0.19,0.19,0.02,19,OFF,H,H,Train
10/01/24,11:50:00 AM,0.18,0.19,0.01,19,OFF,H,H,Train
10/01/24,11:49:00 AM,0.18,0.19,0.01,19,OFF,H,H,Train
10/01/24,11:48:00 AM,0.18,0.19,0.01,19,OFF,H,H,Train
10/01/24,11:47:00 AM,0.19,0.18,0.02,19,OFF,H,H,Train
10/01/24,11:46:00 AM,0.18,0.19,0.01,19,OFF,H,H,Train
10/01/24,11:45:00 AM,0.18,0.19,0.01,19,OFF,H,H,Train
10/01/24,11:44:00 AM,0.18,0.19,0.01,19,OFF,H,H,Train
10/01/24,11:43:00 AM,0.19,0.19,0.02,19,OFF,H,H,Train
10/01/24,11:42:00 AM,0.18,0.19,0.01,19,OFF,H,H,Train
10/01/24,11:41:00 AM,0.18,0.19,0.01,19,OFF,H,H,Train
10/01/24,11:40:00 AM,0.18,0.19,0.02,19,OFF,H,H,Train
10/01/24,11:39:00 AM,0.19,0.19,0.01,19,OFF,H,H,Train
10/01/24,11:38:00 AM,0.18,0.19,0.01,19,OFF,H,H,Train
10/01/24,11:37:00 AM,0.18,0.19,0.01,19,OFF,H,H,Train
10/01/24,11:36:00 AM,0.19,0.19,0.02,19,OFF,H,H,Train
10/01/24,11:35:00 AM,0.18,0.19,0.01,19,OFF,H,H,Train
10/01/24,11:34:00 AM,0.18,0.19,0.01,19,OFF,H,H,Train
10/01/24,11:33:00 AM,0.18,0.19,0.01,19,OFF,H,H,Train
10/01/24,11:32:00 AM,0.19,0.18,0.02,19,OFF,H,H,Train
10/01/24,11:31:00 AM,0.18,0.19,0.01,19,OFF,H,H,Train
10/01/24,11:30:00 AM,0.18,0.19,0.01,19,OFF,H,H,Train
10/01/24,12:34:00 PM,0.18,0.19,0.02,20,L,L,L,Test
10/01/24,12:33:00 PM,0.18,0.19,0.01,20,L,L,L,Test
10/01/24,12:32:00 PM,0.17,0.19,0.01,20,L,L,L,Test
10/01/24,12:31:00 PM,0.18,0.19,0.01,20,L,L,L,Test
10/01/24,12:30:00 PM,0.18,0.19,0.02,20,L,L,L,Test
10/01/24,12:29:00 PM,0.18,0.19,0.01,20,L,L,L,Test
10/01/24,12:28:00 PM,0.18,0.19,0.01,20,L,L,L,Test
10/01/24,12:27:00 PM,0.18,0.19,0.01,20,L,L,L,Test
10/01/24,12:26:00 PM,0.18,0.19,0.01,20,L,L,L,Test
10/01/24,12:25:00 PM,0.18,0.19,0.02,20,L,L,L,Test
10/01/24,12:24:00 PM,0.19,0.19,0.01,20,L,L,L,Test
10/01/24,12:23:00 PM,0.18,0.19,0.01,20,L,L,L,Test
10/01/24,12:22:00 PM,0.18,0.19,0.01,20,L,L,L,Test
10/01/24,12:21:00 PM,0.18,0.19,0.01,20,L,L,L,Test
10/01/24,12:20:00 PM,0.18,0.2,0.02,20,L,L,L,Test
10/01/24,12:19:00 PM,0.18,0.19,0.01,20,L,L,L,Test
10/01/24,12:18:00 PM,0.18,0.19,0.01,20,L,L,L,Test
10/01/24,12:17:00 PM,0.18,0.19,0.01,20,L,L,L,Test
10/01/24,12:16:00 PM,0.18,0.19,0.01,20,L,L,L,Test
10/01/24,12:15:00 PM,0.19,0.19,0.02,20,L,L,L,Test
10/01/24,12:14:00 PM,0.18,0.19,0.01,20,L,L,L,Test
10/01/24,12:13:00 PM,0.18,0.2,0.01,20,L,L,L,Test
10/01/24,12:12:00 PM,0.18,0.19,0.01,20,L,L,L,Test
10/01/24,12:11:00 PM,0.18,0.19,0.01,20,L,L,L,Test
10/01/24,12:10:00 PM,0.18,0.19,0.02,20,L,L,L,Test
10/01/24,12:09:00 PM,0.18,0.19,0.01,20,L,L,L,Test
10/01/24,12:08:00 PM,0.18,0.19,0.01,20,L,L,L,Test
10/01/24,12:07:00 PM,0.19,0.19,0.01,20,L,L,L,Test
10/01/24,12:06:00 PM,0.18,0.19,0.02,20,L,L,L,Test
10/01/24,12:05:00 PM,0.18,0.19,0.01,20,L,L,L,Test
10/01/24,1:04:00 PM,0.19,0.19,0.01,21,M,M,M,Test
10/01/24,1:03:00 PM,0.18,0.18,0.02,21,M,M,M,Test
10/01/24,1:02:00 PM,0.18,0.19,0.01,21,M,M,M,Test
10/01/24,1:01:00 PM,0.19,0.18,0.01,21,M,M,M,Test
10/01/24,1:00:00 PM,0.18,0.19,0.01,21,M,M,M,Test
10/01/24,12:59:00 PM,0.19,0.19,0.02,21,M,M,M,Test
10/01/24,12:58:00 PM,0.18,0.18,0.01,21,M,M,M,Test
10/01/24,12:57:00 PM,0.19,0.19,0.01,21,M,M,M,Test
10/01/24,12:56:00 PM,0.18,0.19,0.01,21,M,M,M,Test
10/01/24,12:55:00 PM,0.19,0.18,0.02,21,M,M,M,Test
10/01/24,12:54:00 PM,0.18,0.19,0.01,21,M,M,M,Test
10/01/24,12:53:00 PM,0.19,0.19,0.01,21,M,M,M,Test
10/01/24,12:52:00 PM,0.18,0.18,0.01,21,M,M,M,Test
10/01/24,12:51:00 PM,0.19,0.19,0.02,21,M,M,M,Test
10/01/24,12:50:00 PM,0.18,0.19,0.01,21,M,M,M,Test
10/01/24,12:49:00 PM,0.19,0.18,0.01,21,M,M,M,Test
10/01/24,12:48:00 PM,0.18,0.19,0.01,21,M,M,M,Test
10/01/24,12:47:00 PM,0.19,0.19,0.02,21,M,M,M,Test
10/01/24,12:46:00 PM,0.18,0.18,0.01,21,M,M,M,Test
10/01/24,12:45:00 PM,0.19,0.19,0.01,21,M,M,M,Test
10/01/24,12:44:00 PM,0.18,0.18,0.01,21,M,M,M,Test
10/01/24,12:43:00 PM,0.18,0.19,0.02,21,M,M,M,Test
10/01/24,12:42:00 PM,0.19,0.19,0.01,21,M,M,M,Test
10/01/24,12:41:00 PM,0.18,0.18,0.01,21,M,M,M,Test
10/01/24,12:40:00 PM,0.19,0.19,0.01,21,M,M,M,Test
10/01/24,12:39:00 PM,0.18,0.19,0.02,21,M,M,M,Test
10/01/24,12:38:00 PM,0.19,0.19,0.01,21,M,M,M,Test
10/01/24,12:37:00 PM,0.18,0.18,0.01,21,M,M,M,Test
10/01/24,12:36:00 PM,0.18,0.19,0.01,21,M,M,M,Test
10/01/24,12:35:00 PM,0.18,0.2,0.01,21,M,M,M,Test
10/01/24,1:35:00 PM,0.19,0.18,0.01,22,H,H,H,Test
10/01/24,1:34:00 PM,0.19,0.19,0.01,22,H,H,H,Test
10/01/24,1:33:00 PM,0.18,0.18,0.01,22,H,H,H,Test
10/01/24,1:32:00 PM,0.19,0.19,0.02,22,H,H,H,Test
10/01/24,1:31:00 PM,0.18,0.18,0.01,22,H,H,H,Test
10/01/24,1:30:00 PM,0.19,0.19,0.01,22,H,H,H,Test
10/01/24,1:29:00 PM,0.19,0.19,0.01,22,H,H,H,Test
10/01/24,1:28:00 PM,0.18,0.18,0.02,22,H,H,H,Test
10/01/24,1:27:00 PM,0.19,0.19,0.01,22,H,H,H,Test
10/01/24,1:26:00 PM,0.18,0.18,0.01,22,H,H,H,Test
10/01/24,1:25:00 PM,0.19,0.19,0.01,22,H,H,H,Test
10/01/24,1:24:00 PM,0.19,0.19,0.02,22,H,H,H,Test
10/01/24,1:23:00 PM,0.18,0.18,0.01,22,H,H,H,Test
10/01/24,1:22:00 PM,0.19,0.19,0.01,22,H,H,H,Test
10/01/24,1:21:00 PM,0.18,0.18,0.01,22,H,H,H,Test
10/01/24,1:20:00 PM,0.19,0.19,0.02,22,H,H,H,Test
10/01/24,1:19:00 PM,0.18,0.18,0.01,22,H,H,H,Test
10/01/24,1:18:00 PM,0.19,0.19,0.01,22,H,H,H,Test
10/01/24,1:17:00 PM,0.19,0.19,0.01,22,H,H,H,Test
10/01/24,1:16:00 PM,0.18,0.18,0.02,22,H,H,H,Test
10/01/24,1:15:00 PM,0.19,0.19,0.01,22,H,H,H,Test
10/01/24,1:14:00 PM,0.18,0.18,0.01,22,H,H,H,Test
10/01/24,1:13:00 PM,0.19,0.19,0.01,22,H,H,H,Test
10/01/24,1:12:00 PM,0.18,0.19,0.02,22,H,H,H,Test
10/01/24,1:11:00 PM,0.19,0.18,0.01,22,H,H,H,Test
10/01/24,1:10:00 PM,0.18,0.19,0.01,22,H,H,H,Test
10/01/24,1:09:00 PM,0.19,0.18,0.01,22,H,H,H,Test
10/01/24,1:08:00 PM,0.19,0.19,0.02,22,H,H,H,Test
10/01/24,1:07:00 PM,0.18,0.19,0.01,22,H,H,H,Test
10/01/24,1:06:00 PM,0.19,0.18,0.01,22,H,H,H,Test
10/01/24,1:05:00 PM,0.18,0.19,0.01,22,H,H,H,Test